station,lat,lon,H,mu24,sigma24,I_0p25h_2y_mmhr,I_0p25h_5y_mmhr,I_0p25h_10y_mmhr,I_0p25h_25y_mmhr,I_0p25h_50y_mmhr,I_0p25h_100y_mmhr,I_0p25h_200y_mmhr,I_0p25h_500y_mmhr,I_0p5h_2y_mmhr,I_0p5h_5y_mmhr,I_0p5h_10y_mmhr,I_0p5h_25y_mmhr,I_0p5h_50y_mmhr,I_0p5h_100y_mmhr,I_0p5h_200y_mmhr,I_0p5h_500y_mmhr,I_0p75h_2y_mmhr,I_0p75h_5y_mmhr,I_0p75h_10y_mmhr,I_0p75h_25y_mmhr,I_0p75h_50y_mmhr,I_0p75h_100y_mmhr,I_0p75h_200y_mmhr,I_0p75h_500y_mmhr,I_1h_2y_mmhr,I_1h_5y_mmhr,I_1h_10y_mmhr,I_1h_25y_mmhr,I_1h_50y_mmhr,I_1h_100y_mmhr,I_1h_200y_mmhr,I_1h_500y_mmhr,I_2h_2y_mmhr,I_2h_5y_mmhr,I_2h_10y_mmhr,I_2h_25y_mmhr,I_2h_50y_mmhr,I_2h_100y_mmhr,I_2h_200y_mmhr,I_2h_500y_mmhr,I_3h_2y_mmhr,I_3h_5y_mmhr,I_3h_10y_mmhr,I_3h_25y_mmhr,I_3h_50y_mmhr,I_3h_100y_mmhr,I_3h_200y_mmhr,I_3h_500y_mmhr,I_6h_2y_mmhr,I_6h_5y_mmhr,I_6h_10y_mmhr,I_6h_25y_mmhr,I_6h_50y_mmhr,I_6h_100y_mmhr,I_6h_200y_mmhr,I_6h_500y_mmhr,I_12h_2y_mmhr,I_12h_5y_mmhr,I_12h_10y_mmhr,I_12h_25y_mmhr,I_12h_50y_mmhr,I_12h_100y_mmhr,I_12h_200y_mmhr,I_12h_500y_mmhr,I_24h_2y_mmhr,I_24h_5y_mmhr,I_24h_10y_mmhr,I_24h_25y_mmhr,I_24h_50y_mmhr,I_24h_100y_mmhr,I_24h_200y_mmhr,I_24h_500y_mmhr,I_0p25h_1000y_mmhr,I_0p5h_1000y_mmhr,I_0p75h_1000y_mmhr,I_12h_1000y_mmhr,I_1h_1000y_mmhr,I_24h_1000y_mmhr,I_2h_1000y_mmhr,I_3h_1000y_mmhr,I_6h_1000y_mmhr
Narathiwat,6.416666666666667,101.81666666666666,0.554,5.996,2.518,86.73892435582113,122.51787246074844,146.20664933520928,176.13748171382062,198.34188299362947,220.38233045983185,242.34235603552096,271.31443990829774,59.08039830989542,83.45047807335658,99.5855913873766,119.97234983299708,135.09641185689767,150.10880018085055,165.0664108215471,184.8001378395313,47.19422482118898,66.66137562193872,79.55032334471802,95.8355429603877,107.91684917673425,119.90894892439216,131.85729151446924,147.62086075382436,40.24137364370768,56.84054212500993,67.8306360009392,81.71664874734985,92.01808625157967,102.2434595583036,112.43152219546008,125.87273628728558,27.40956728555538,38.71574260155796,46.20141444352688,55.65958065998596,62.67618866422792,69.64098713636945,76.58037222881293,85.73557317476904,21.89513472710196,30.92666117234314,36.90631753813907,44.46162920808394,50.06659100772174,55.63016664924661,61.17344173780896,68.48674063366707,14.913411600765308,21.065046333314232,25.13796379766156,30.28410581095928,34.10180793366408,37.89132074316275,41.66700625697102,46.64830634727608,10.157957388521602,14.348014308815731,17.122196578933085,20.627383231440984,23.22773092670032,25.808878062756627,28.38060702648713,31.773515061973857,6.918879534024631,9.77284888666046,11.662424930172737,14.049909270319478,15.821081540682428,17.579175753023424,19.330854974903197,21.641863090972222,293.2108544286169,199.71442114459293,159.53459287956215,34.33779456290913,136.03128741889793,23.388468267578713,92.65485712444166,74.01395865629505,50.41305492754341
Pattani,6.783333333333333,101.15,0.647,4.273,1.639,93.40918618266966,129.01345084704985,152.5865720841608,182.37127325838335,204.46726606292148,226.40010552501752,248.25291574013164,277.0835493031935,59.65174891387479,82.38887727156511,97.44283466717468,116.46354974379476,130.57420276031394,144.5806649299203,158.53601987183495,176.94746080836646,45.88726110757723,63.37785551231489,74.95815091508732,89.58988485525826,100.4445409409046,111.21904794987908,121.95424059264846,136.11728883522645,38.09401723643477,52.614103827951645,62.227664585958514,74.3744240887557,83.38558418072081,92.33020728105627,101.24219295419068,112.99986579956632,24.327101478700413,33.59972866839733,39.73901470589095,47.49601888919591,53.25060771708103,58.96270556436372,64.65396092610344,72.16249169321934,18.71368531298846,25.846677601633225,30.569339158854508,36.53643455593667,40.96316679631348,45.35721274069524,49.73522554952515,55.51118213283303,11.950688183500771,16.50586613114663,19.5217902915997,23.332418463392116,26.15936012623365,28.9654280955842,31.76125719426981,35.449822804627814,7.631791689910474,10.540759665068824,12.46674958227906,14.900242948374482,16.705547342486437,18.49752165233243,20.28295734893248,22.63850072355457,4.873714676833347,6.731401638298847,7.961352049465098,9.515397654508986,10.66827746035683,11.812644582686811,12.952836101614906,14.457102305839348,298.8730590309839,190.86239162359425,146.82138511468548,24.418764593347568,121.88603634729677,15.593991060588369,77.83726133827841,59.876513261751725,38.23755329527726
Songkhla,7.182111111111111,100.60769444444443,0.656,4.731,3.005,116.47027343302987,184.4857874576425,229.5179759670896,286.4162655267934,328.6266670798503,370.5253936536418,412.27123881219296,467.3469545988103,73.91616357765538,117.08121945221166,145.66024235661004,181.76991355783835,208.55813044708847,235.14854734779743,261.64194028381735,296.59494157114466,56.65308342675181,89.73696377468814,111.64137128843764,139.31764824951873,159.84949152742644,180.22973089747083,200.53560619746787,227.3253528794091,46.909817217697736,74.30389157519394,92.44115243691697,115.3576296166504,132.358381509605,149.23360251920442,166.04724868199082,188.22966213849952,29.77063263146715,47.15588314718296,58.66643172914871,73.21004037633517,83.99932008542186,94.708933446739,105.3794692278707,119.4572150188709,22.817717431529974,36.14265206273652,44.96491822941452,56.11187491838637,64.38132416856669,72.58971310354612,80.76815100612333,91.5580468577965,14.480932210633798,22.937408003387556,28.53633080042852,35.61058459694636,40.858670185282456,46.06800473343071,51.258331294861776,58.105981628719086,9.190112828691946,14.55689208972874,18.110166939407076,22.59973913152466,25.930360253832223,29.23638859258308,32.530353789262946,36.87611539246738,5.832371326347901,9.238319660212344,11.493353818573896,14.342595455643382,16.45632566709718,18.55444842646362,20.64491548831775,23.402889828582826,508.9718756145961,323.0115917602501,247.57240865965684,40.16053904276833,204.99460463410003,25.48730148692377,130.0968417266019,99.7127944844008,63.281273501363046
Trang,7.516666666666667,99.61666666666666,0.682,3.549,1.25,90.10390673388994,121.96147139754837,143.05395122305737,169.70435539766797,189.47514763881583,209.09995545349307,228.65315564097324,254.44989043348696,56.1618188716596,76.01865794986594,89.16561322021741,105.77682605620922,118.0999726659991,130.33212709559706,142.51964844840347,158.59876864877626,42.59385281642756,57.65353745786295,67.62435907689145,80.22251862466963,89.5685530565694,98.84557783727897,108.0887523128916,120.28336589542864,35.00569523903627,47.382474893746505,55.57697996429721,65.93075884414982,73.61178348464541,81.23609264489252,88.83258198172338,98.85470720406217,21.81907074570635,29.5335248951271,34.64116479884803,41.0946813572903,45.88226860233943,50.634505054682734,55.36940139447843,61.61619803014949,16.547866621941083,22.39860883793649,26.272309274803632,31.166740045766044,34.797708389712106,38.40186623336264,41.99287311045775,46.73052480727974,10.314295146808384,13.961066263736187,16.375546059167462,19.426247681356724,21.689432418325843,23.9359061544512,26.174182885269623,29.127164016928493,6.428906324058588,8.70194093886365,10.206887637132512,12.108391779931567,13.519036177917004,14.91926459909776,16.314383821975966,18.15497872467485,4.00714115072708,5.423924983449394,6.361959159140557,7.5471678268067315,8.426423322419792,9.299186533470724,10.168765178168782,11.316009080109326,273.9464513563407,170.75098671411956,129.4997658993388,19.546056740687046,106.42919198073633,12.183068838154645,66.33737891445978,50.3111297048095,31.35895718767242
Kho Lanta,7.533333333333333,99.05,0.695,3.55,1.574,98.46945649177222,141.0368260965599,169.22012868397317,204.82980621565656,231.2470992383231,257.46933111605506,283.5958824744002,318.06490595761323,60.82550086884734,87.1197617404599,104.52885037659884,126.52528001895972,142.84348809028245,159.04120507468943,175.17981931066615,196.4716563180297,45.88833168479681,65.725402437158,78.85926935570114,95.45394502448664,107.76482341894474,119.98480021978716,132.16018837795977,148.22330113192217,37.57247869297712,53.81468865811088,64.56844493635124,78.15584450156317,88.23575368947675,98.24123441019864,108.21020681246245,121.36237294124535,23.20887021017919,33.24183465970668,39.88453012233611,48.27759344881268,54.50404728446039,60.68452596235739,66.84245311173775,74.96666868878172,17.509372204439437,25.07850018308779,30.08992151651002,36.42186565630942,41.11926353629324,45.78197656768576,50.42767614245584,56.55679458378257,10.815702372878352,15.491223258688882,18.58682491559154,22.498125815368947,25.39975225883521,28.27995354811368,31.14964546669548,34.93565904248218,6.680960142535935,9.569072962839204,11.481254952868476,13.897301966366644,15.68966365948592,17.468790835211735,19.24142627472598,21.580082140697208,4.12689133699554,5.910905539159478,7.092078173189789,8.584492927515036,9.691651447591004,10.790634882946335,11.88560831235013,13.330217833673665,344.1157771898422,212.56352223487448,160.3634211485523,23.3475828315881,131.30246847115419,14.42201948100433,81.10675832501744,61.18903707709961,37.797038396449764
Phuket Airport,8.110555555555555,98.3125,0.71,4.254,1.197,119.90487594886696,154.57060236532072,177.52232961739685,206.5218978442444,228.0354341771084,249.39011793468853,270.6668820383356,298.7375321396983,73.30026541337786,94.492122099483,108.52297518997848,126.25099526488998,139.4026532829656,152.45720152266264,165.46411590869843,182.624269626162,54.96430656690339,70.85504995027429,81.37610476927128,94.6694854238496,104.5312745878033,114.3202458485838,124.07349879755688,136.94106406956084,44.80992842995731,57.76493720171238,66.34228026112238,77.17977595478256,85.21964936044809,93.20015760291196,101.15154631134185,111.64189386452094,27.39321166948237,35.31286943058327,40.556371980591855,47.18155135278349,52.09648787943949,56.97513328628442,61.83597733554056,68.24893805829318,20.54083809331899,26.47940454503964,30.411252267795803,35.379152288624454,39.06462431910755,42.72288340262924,46.36779411325896,51.176561682913,12.557027995221674,16.187393263033947,18.591010958830704,21.62798828933689,23.880991562725,26.11735901359824,28.3455663353018,31.28526279366101,7.676364097532453,9.89567949711327,11.365059400640533,13.221624803997832,14.598931077906016,15.966067538484598,17.32821554776617,19.12531119485552,4.692715965936252,6.04942816415114,6.947689690792997,8.082645510950126,8.924620573549191,9.760378624451564,10.593087134614423,11.69168789511269,319.95266437434657,195.59350720948413,146.6660650153094,20.483513504158655,119.57024998468464,12.521984319416886,73.09570182249244,54.810914272094585,33.50701572309494
Nakhon Si Thammarat,8.537777777777778,99.96388888888887,0.546,6.685,3.048,94.30470317554692,136.0616402660686,163.70836601097784,198.64007727971972,224.55441619920265,250.27740770789973,275.90654034145564,309.7193142695481,64.59084628786381,93.19086107233578,112.12655942905566,136.0518645003344,153.80102255329084,171.4191236092846,188.97293917396289,212.1318656093733,51.76368043239365,74.6839874224463,89.85922501157847,109.03317793422192,123.25751153874866,137.3768148967453,151.44459928850844,170.00436953547523,44.23933572450114,63.82795746413737,76.79732951799471,93.1841654891822,105.34085652296277,117.407784458396,129.4306822007606,145.29261280667137,30.30025054359525,43.716820589107336,52.5997573735161,63.82337154882545,72.1496897014876,80.4145276278997,88.64920854902199,99.51330638397287,24.28289109527937,35.035050019464315,42.15391480349309,51.14861932985812,57.82140497679002,64.44491982193779,71.04426657401454,79.7508514979579,16.63175253561292,23.996083485702727,28.87191136624176,35.03253281887194,39.60283374257603,44.13938828166349,48.65938969527518,54.62267328111948,11.391361568954252,16.435313274361334,19.77484819206032,23.994359413508423,27.124633880336894,30.231794891864144,33.32761839479228,37.4119696571807,7.802131381932913,11.256817079643003,13.544119613648334,16.434132428885533,18.57810902938842,20.706254843215014,22.826635410446755,25.62407494093858,335.27420763733363,229.63483347672127,184.0314041289837,40.4988255658052,157.28068412265677,27.738313454956284,107.72413411138088,86.3310820877968,59.12958171998928
Takua Pa,8.684166666666666,98.25222222222222,0.653,6.073,0.888,126.037218505784,145.86297009574778,158.98934274387102,175.574549382114,187.8784031087902,200.0914071108949,212.2598479129012,228.3137949495992,80.15418877564427,92.76250443351526,101.1103064847708,111.65777650612634,119.48249230014126,127.24943162098542,134.9880306849159,145.19764270769022,61.5089949704814,71.18440727559452,77.59037210698301,85.68432565332587,91.68888276719882,97.64910317388332,103.5875757374845,111.42226265967578,50.974577624360855,58.99291796354824,64.30175696690453,71.00948912110456,75.98566801734428,80.92510358972916,85.84651599142258,92.33938515420868,32.417614146842254,37.51692983179681,40.89312052133504,45.15894640767459,48.32357973867968,51.4648459139238,54.59465013655529,58.72383250617124,24.87673939404921,28.789869669707045,31.380702404892745,34.6542264339643,37.08271356125661,39.493269120802665,41.89502896803012,45.0636950288372,15.82052420033072,18.309104847676352,19.95676177476621,22.03858066999808,23.58299285195429,25.116001336786624,26.643416131168152,28.65854991955188,10.061165251951058,11.643794298795685,12.691632436904056,14.015578702169028,14.997757673170694,15.972684388823946,16.94405376065716,18.225591198544016,6.398463473476518,7.40494670824245,8.071326186653453,8.913298424163502,9.53792152824702,10.157932513377602,10.775681182571102,11.590683250509668,240.44698773429533,152.91382556578137,117.3435333987274,19.194146829077916,97.24654182401765,12.206642502625062,61.8445707034005,47.4584977585467,30.181540289803145
Surat Thani,9.135555555555555,99.15194444444444,0.748,3.018,2.058,114.64185818245004,185.53069203367875,232.4652682841533,291.7672297977774,335.7608125178242,379.429553528776,422.9389546391281,480.3413476317353,68.26102102024898,110.47024768786444,138.41642848782442,173.72650201246293,199.9215316675989,225.9231413356173,251.82987549763263,286.0088919302256,50.40301528211325,81.5697377391786,102.20481991175912,128.27730093935693,147.61935677575548,166.81859390799687,185.9477762489753,211.18510000756004,40.64455221330479,65.77712555506896,82.41707596468103,103.44169741887924,119.03896266094782,134.52106014478483,149.94666605554153,170.2978239671971,24.20092169629304,39.16557024939668,49.07346970858664,61.59212694060544,70.8791820130452,80.09766292862693,89.2825071558416,101.40016505164316,17.869633472632096,28.91932769695071,36.23518673906868,45.47879403275108,52.33622997123715,59.14303167917095,65.92499651105946,74.87251131492282,10.640087708262715,17.219389733471893,21.575460158119306,27.07936668738013,31.162478965593948,35.21544218367501,39.2536168197784,44.58122146426596,6.335410662614332,10.25291410299491,12.846642253748676,16.12382464806609,18.55502575968465,20.96827526392271,23.37271922609051,26.544926466888825,3.772283590557065,6.104876492751084,7.649255959609012,9.600583510054602,11.048189758031944,12.4851071087062,13.916781389337082,15.805603749491992,523.7247161510231,311.84058270508484,230.25887132577438,28.94240553653023,185.67874691215653,17.233130935137805,110.55840377092304,81.6348309993614,48.60769882117059
Samui,9.466666666666669,100.05,0.71,5.75,1.225,158.39179971460135,193.8684203162353,217.35703007713192,247.03495077712208,269.05172772595955,290.90593624979886,312.68040243774163,341.40767593328843,96.82809699360334,118.51566962558228,132.87472980591392,151.0174404088935,164.47673955019897,177.8366573393626,191.1478270326741,208.70938785463971,72.6066839926469,88.86914067153523,99.63630203600584,113.24063896320584,123.33311325380176,133.35106629846015,143.33246551524547,156.50102646612677,59.19296569832687,72.4510156109417,81.22899827408058,92.32000263893748,100.54794325877066,108.71513005661376,116.85251616173208,127.5882519617692,36.18585200940973,44.29076492281708,49.65692250323523,56.43707683150152,61.466982633634856,66.4597484008738,71.43429640449853,77.99726790439155,27.134011753070656,33.21149203991928,37.23531280882178,42.31942101727216,46.09110291981334,49.83493531523026,53.565107095114485,58.48636045587155,16.58756783233708,20.302853925127412,22.76269659626445,25.8707143321626,28.17641943650715,30.465099576289703,32.74542870668808,35.753889994482606,10.140314270382314,12.411543480479642,13.915294843738534,15.815288677583723,17.224812642109647,18.62392890293568,20.017940023545474,21.85707299571294,6.198978327712539,7.587426483780407,8.506699975957746,9.668204470270595,10.529874855971396,11.38518280280131,12.237369874605406,13.36166889850714,363.11906857108625,221.9819994165191,166.45351281411507,23.24704611926878,135.70206670462676,14.211387461391551,82.95740625956623,62.2057271407065,38.02761375267523
Chumphon,10.49875,99.18847222222225,0.709,3.792,1.749,112.75377270541344,163.17503256632526,196.55829389283303,238.73813307618573,270.0295473374961,301.08991070774067,332.0369400294776,372.8656688500501,68.97644624878698,99.8213504781009,120.243360981582,146.04662539043065,165.18896095983882,184.18995252819107,203.12161267004225,228.09834339333543,51.74306047018696,74.88153500072399,90.20121848504093,109.55767917916891,123.91740747447692,138.17110579011106,152.37279475488663,171.10922665950457,42.19592855258293,61.06511427979458,73.55815709323383,89.34314980642874,101.05335913068078,112.67710210744396,124.25843199860785,139.5377976718679,25.813106984269943,37.35621852583972,44.99876276563538,54.65513767260919,61.81878820629581,68.92954346892596,76.01435278004696,85.36141336870418,19.363844156206778,28.022972757226302,33.756069346741896,40.999852085739256,46.37370392807525,51.70787609194549,57.02258475760866,64.0343336597333,11.845715877730084,17.14288602271523,20.650073580678335,25.08141435753869,28.36883608949496,31.631984015411827,34.883225262681215,39.17262072726571,7.246545857524312,10.487058019639354,12.632559037226525,15.34340526056084,17.35446584816359,19.35067708006536,21.339604472499737,23.963616499801933,4.433031098097331,6.415395036842392,7.727892455469467,9.386236423267976,10.616490712729773,11.837660997632236,13.05437543729376,14.65959910488897,403.72305468804257,246.97516467002328,185.26977794800683,25.946782616137106,151.08558021517345,15.872789118345977,92.42570029036702,69.33364734208729,42.414444185548994
Prachuap Khiri Khan,11.833333333333334,99.83333333333331,0.618,3.965,2.155,79.83238504196333,120.8418851931486,147.9937426475831,182.3001865194398,207.750666365042,233.0132238624476,258.1836025310768,291.39113771283826,52.0166724971537,78.73737910656904,96.42881192740144,118.7819841956024,135.36484432596464,151.82525922014983,168.22561282535926,189.8627652301061,40.48723969978415,61.285333878188254,75.0554819261793,92.45410048877076,105.3613896476978,118.1733734095434,130.93860839476216,147.7799120340844,33.89268924201495,51.30319556553122,62.830465689841205,77.39520205010756,88.20015550369344,98.92532687704072,109.61136390163006,123.70956063992256,22.083580684993883,33.4278065272248,40.93867112844241,50.42866846299692,57.46889060901868,64.45712885982384,71.41986820311594,80.60588064845032,17.1887816290401,26.0185734791055,31.86466398938873,39.2512148468171,44.730980235141566,50.17028389600204,55.58974045148261,62.739684304192615,11.19975589045588,16.95301492989787,20.76217302159557,25.575054368337955,29.14552469082529,32.68963122091112,36.22080590159748,40.879520376480805,7.297464981106172,11.046136539504884,13.528083293839876,16.664029597455432,18.99045370877324,21.29969986963383,23.600519979153965,26.636015222974827,4.754835343853486,7.197370671466756,8.814541590358319,10.857841333414804,12.37367780785172,13.878321583703526,15.37747516716298,17.355323654108474,316.48860597680266,206.2156123423166,160.50817028324894,28.930170604583846,134.364643689048,18.850134676978605,87.54845119929881,68.14344245577846,44.40046639202468
Hua Hin,12.586111111111112,99.9625,0.756,2.698,1.193,98.8255447189636,141.44727487803797,169.6665688824569,205.32172166493837,231.7727508264548,258.02846974068314,284.1883859469534,318.70142801152736,58.51814356832014,83.75599610605894,100.4656505040513,121.57834313234972,137.24094460249802,152.78789588196256,168.27811894774038,188.71452692563295,43.069075375565625,61.64401482141869,73.94224099338479,89.48108236362953,101.00868256010013,112.45116476621716,123.85189527683922,138.89299436054574,34.650688103168385,49.5949242554645,59.48930892917828,71.99089019392092,81.26527733835772,90.4711838639284,99.64349958296891,111.74462849120756,20.51791312588836,29.36693044388888,35.22574988680832,42.6283837843663,48.12008049061468,53.57122737042042,59.00248393092968,66.16799564963387,15.10108648502297,21.6139211484072,25.925984396010502,31.37428774041535,35.41615039972915,39.42816857962119,43.42554757910204,48.699330127536165,8.94189401617963,12.798376618450757,15.351703664777745,18.577839156550677,20.97117075976896,23.346830378112365,25.71382161356489,28.836617093164715,5.294815619782701,7.57837705352126,9.090293421892827,11.0006037613429,12.417781099064676,13.824494221780244,15.226074484606636,17.075193502664096,3.1352499142539254,4.487428404204103,5.382688221483747,6.513851373904345,7.353012818917449,8.18597802754446,9.015903886044285,10.11083346605634,344.7855674445633,204.15987985072115,150.2607006610061,18.472713843092095,120.89037499332878,10.938355299134791,71.58351962546976,52.685130019515796,31.19675192446509
Pattaya,12.92,100.86944444444444,0.728,2.717,1.142,86.97776871825914,122.88262071977944,146.65475692904437,176.690914048162,198.97345123723355,221.0914576694097,243.1287592114339,272.20279404826096,52.51198380904961,74.18918977506503,88.54138632049542,106.67542470258216,120.12829029502214,133.48182203963526,146.78662899000005,164.33979538083554,39.08984864660584,55.22633100412087,65.91008640645494,79.40903967939053,89.42333435513243,99.36368505094096,109.26776507681195,122.33431803701836,31.703600634940276,44.79100337574973,53.45600276265309,64.40425245847355,72.52628950984743,80.588354714557,88.62100279757708,99.21855666561054,19.140741223464676,27.04213362471197,32.27354291717607,38.88344242640164,43.78704347783573,48.65443710882844,53.50407043807242,59.90224074451394,14.248341485817969,20.13012714040926,24.024381034805604,28.94478115384232,32.59501504370847,36.21829617951216,39.82835657107963,44.591145762275744,8.60229790249853,12.153368913099872,14.504486911002015,17.475130734044352,19.67892402224417,21.866444846735224,24.045983775191157,26.92147153004664,5.193553879725986,7.337478541871715,8.756943217252429,10.550440597523863,11.880959409098608,13.201653878621348,14.517529355871254,16.253577183393794,3.135557755304261,4.429931464879367,5.286919487790812,6.3697261265706295,7.173013947362721,7.970370416978852,8.764817466774998,9.81293949558788,294.1762606915614,177.60606263056616,132.20970916265367,17.56564099714837,107.22793677837186,10.605085290538081,64.73782626251256,48.19074898244032,29.094697042747153
Koh Sichang,13.161666666666669,100.80194444444444,0.812,2.976,0.994,135.95385124003863,181.80858803862213,212.1684137515861,250.5281340222536,278.9855658469625,307.2328724620648,335.37710940022987,372.50808587825856,77.43818370099011,103.55666066491088,120.8493650586954,142.69874290231274,158.90785954888273,174.99729062249315,191.0280140647723,212.1775096566701,55.714604989628334,74.50611787679006,86.94773451157945,102.6677501117221,114.32975570164542,125.9056508728876,137.43930754713548,152.65577746309253,44.10814581722022,58.98501321504885,68.83479391135644,81.28001793240345,90.51259605401684,99.67700226802584,108.80796910317048,120.85454601063168,25.12363325753321,33.59737327990521,39.20772649916365,46.29642266445472,51.555222426978,56.77519203753304,61.97611485581464,68.83774493851843,18.075750694935984,24.172369385712734,28.208861443303142,33.3089798586016,37.09253904717784,40.84816102861411,44.59007937629869,49.52683010277401,10.295797361241082,13.76838069613835,16.06753302328639,18.97251808357259,21.12760195075361,23.2667730169447,25.39813860724706,28.210070789792,5.864400604586577,7.842355210153328,9.151933266547625,10.806588612425935,12.03410647143202,13.25256053125172,14.466568656879542,16.06822185699509,3.3403138430581745,4.466940346838959,5.212865123348571,6.155343055876712,6.854527025988219,7.548548331415919,8.240037269679815,9.152325620502936,400.57079811108804,228.16179730437364,164.15602488329395,17.278713395730392,129.959063403132,9.841811540100572,74.02360237410144,53.25790932942095,30.33526250683947
Chon Buri,13.366666666666667,100.98333333333332,0.812,2.797,0.987,128.5639644110383,174.09578052794163,204.2418046513776,242.33138604689967,270.5884134221388,298.6367953427685,326.5828334292564,363.4523241574398,73.2289655834152,99.16350961097034,116.3344343963479,138.02994338191164,154.12491131970293,170.10103654068232,186.01886756435383,207.0194230464496,52.68619040747079,71.3453686968356,83.69936831307012,99.30867957800054,110.8885583679948,122.38293315070712,133.83536689062927,148.9446785677416,41.71061016189847,56.48271088791141,66.26312693142808,78.6207085297917,87.78826849561906,96.88813663769842,105.95480088949697,117.91654274831406,23.758016875113285,32.17208267197562,37.74292636152096,44.78170213128182,50.00346809266056,55.1866773538455,60.35097395509694,67.16428269919015,17.09322794352854,23.146912699863208,27.15497875704804,32.21918084547821,35.9760952510363,39.70526919034978,43.4208360003746,48.322820876663485,9.736160568168136,13.184289090847816,15.467250204424388,18.351777623440974,20.49168484367001,22.61579132488793,24.73214729835717,27.524277141588417,5.54563613861128,7.50966148639235,8.81001716210781,10.45302000555036,11.671893372591612,12.881766770018215,14.08722554264866,15.677599494876072,3.158748252614103,4.277440766931642,5.018112552057383,5.953953316046595,6.648213455382668,7.337347286828484,8.02396658468207,8.929830369654324,391.3174116562353,222.8911452881834,160.3639383300543,16.879566445310417,126.95694382114888,9.614460754606906,72.31362001198735,52.02762489748896,29.634502719783438
Bangkok,13.66638888888889,100.6061111111111,0.755,3.332,1.352,120.09719667234926,168.1794765327405,200.01412957753837,240.23729809166963,270.07714227426504,299.6966537314017,329.20808856663155,368.1428230597828,71.16315979337527,99.65414092984513,118.5176495242568,142.3517426394878,160.03323445289632,177.58416890623337,195.0710629479056,218.1416991410873,52.39698802608364,73.3747186635863,87.26380167818462,104.8126948863749,117.83146636195949,130.7541092725359,143.62959962984002,160.6163642968132,42.16747311424484,59.04970100517653,70.22720484009238,84.35001056649679,94.82711463026338,105.22685740222302,115.5886532597266,129.25907534650804,24.98618377828254,34.98968689374829,41.612876389713584,49.9812938756007,56.189464018786936,62.3517940081376,68.49163869048756,76.59199788586997,18.39717033433459,25.76268690894773,30.639299776085807,36.800913061364845,41.37194978318704,45.9092346873748,50.42996380110723,56.39420744908167,10.901176784500423,15.265587007912648,18.15520633567566,21.806248016536564,24.51479930390656,27.2033510737342,29.88209276976892,33.4161837854433,6.459452901033829,9.045568403628508,10.75780189168102,12.921213442878347,14.526155718071696,16.11924735143416,17.706526061029436,19.800638918292087,3.82752546862641,5.359918862098866,6.374496626526426,7.656418321474161,8.607421065529246,9.551401754601937,10.491938016707357,11.732797021046249,397.5687728618153,235.57793933532662,173.45455854409178,21.38331979745516,139.59085644980507,12.670608855348064,82.71405743410406,60.901841480161515,36.0871660375848
Kanchanaburi,14.0225,99.53583333333331,0.821,2.979,0.92,140.6320588242971,184.8528072900329,214.13079054863545,251.1236000103087,278.5669793110956,305.8077210069358,332.94906581214934,368.7569165546877,79.60469969827523,104.6358300925611,121.2086164441004,142.14837593287524,157.68268572118905,173.10229260445965,188.4656359323544,208.73465018863968,57.06473235326402,75.00833068179993,86.88855409929884,101.89924788117044,113.03503802575688,124.08860324391009,135.10183585932828,149.6317050502609,45.06019656563364,59.22905418461371,68.61007080135992,80.4630101652117,89.25619769341026,97.98445770517468,106.68086976230416,118.15413415550724,25.5062995304225,33.5265736077274,38.83669291397759,45.54604273427808,50.52342170764151,55.46404849596902,60.386647767058165,66.88108277864352,18.28422394082946,24.03356782826255,27.840133748661756,32.64973988009677,36.21778046076995,39.75947518987379,43.28824686983481,47.9437910415543,10.349774924679366,13.604187876089224,15.758892425737145,18.48136733622832,20.501054748261534,22.505829105476348,24.5032883778179,27.138556600583588,5.858484414661046,7.700643079313974,8.920312406828616,10.461367835424072,11.604610786308852,12.73941221070011,13.870072935314438,15.36176506619453,3.3161918869351314,4.358944787818754,5.049337941127449,5.921651520529754,6.568783565300967,7.211137288634453,7.851147171132223,8.695518682960465,395.8196417070566,224.0534909051995,160.61303591095268,16.489150634242662,126.82535553392006,9.33367466488182,71.78942287987341,51.46234101708477,29.13022988274338
Suphan Buri,14.474444444444444,100.1388888888889,0.793,2.169,1.458,100.8898591459784,162.56244967354,203.39507091195472,254.98719609187208,293.2611817893646,331.2525583843668,369.1053108278557,419.0448300159525,58.227846593765335,93.82173254699104,117.38798217423629,147.16400105117722,169.25355283160906,191.17999882910985,213.0264389083069,241.8486682866181,42.21729087049796,68.02414316545399,85.11052491302671,106.6992135462047,122.71493604440316,138.61240096167646,154.45185869987694,175.34901551368677,33.60577710829541,54.148528862578345,67.74961800772374,84.93463019840327,97.68345394822106,110.33814238466384,122.94665598870012,139.58119552455517,19.39532923021329,31.25142862303191,39.101198054325856,49.01940254010109,56.3772932125546,63.68085437525703,70.95776607010791,80.5582692767803,14.062313884859678,22.6584139630266,28.34978018612103,35.54083649652019,40.87557286208508,46.17091837172471,51.44694205509655,58.40765346877665,8.115961926919043,13.07713841079076,16.36186892932365,20.512134647141743,23.591038843675907,26.647208894921057,29.69222749501585,33.70955133519283,4.684068250682256,7.547375085212548,9.443133354220068,11.838428952668808,13.615396060664198,15.37924232246618,17.13665260554466,19.455221768624178,2.703375838208067,4.355912500695374,5.450035563221546,6.83246295318737,7.858026563270444,8.876017572640253,9.890294103816066,11.22843939103952,456.78793534071247,263.6318263307044,191.14259149188013,21.207541405408126,152.15318636343187,12.239777892823579,87.81410212401562,63.66839422665737,36.74574950627193
Lop Buri,14.799722222222222,100.645,0.703,2.437,1.438,73.35362058136073,113.68927822860648,140.39499331246213,174.13773511639192,199.1700285661005,224.0174874903167,248.77428221072304,281.4361719060961,45.06065160740493,69.8385835239645,86.24373045172254,106.97167708414618,122.34885199564962,137.61248426137468,152.8204220969031,172.88440831514674,33.88483010763674,52.51740605718733,64.8537926097189,80.44084972196924,92.00421911022022,103.48220639402022,114.91831243026088,130.0060828027476,27.680464947627524,42.90138722515444,52.978962189025175,65.71200487100916,75.15810331716347,84.53445325515342,93.87659046723194,106.20176658901948,17.003929423668676,26.354042893941035,32.54463159147935,40.36645682175149,46.16913360522802,51.928964334186446,57.66777840833469,65.23905386579858,12.786660625843554,19.817784125514372,24.47299968053912,30.35487687505006,34.71838938460549,39.04968240273461,43.36517126019871,49.05863936202536,7.854762384144208,12.17393577894472,15.033604389980454,18.64680326085862,21.32728058998438,23.987965695268677,26.638942407538003,30.13640279928142,4.825129399826903,7.478369499396478,9.235045311350277,11.454609856611194,13.101209630583014,14.735651170291987,16.364128907371345,18.512596058331496,2.964045579796433,4.593913700960183,5.673028216675297,7.036492267958463,8.047987790111728,9.05201458810472,10.052377860965366,11.372167245757767,306.1212542400886,188.04829369853275,141.40906215742862,20.13635662478894,115.51684266651857,12.369632791413103,70.96124446113663,53.361627651140196,32.77970049378972
Nakhon Ratchasima,14.968305555555556,102.08602777777776,0.723,2.607,0.832,78.95221838112379,104.52035081531017,121.44867924335288,142.8376670883135,158.70524013375433,174.45564951057398,190.14858828928595,210.8524411577692,47.8321222463629,63.3222257707446,73.57802214226632,86.53624804527311,96.14940026854336,105.6915704847816,115.19892292476705,127.74206916792276,35.6784246359603,47.232636852414885,54.88253070488588,64.54819186695843,71.71873147516162,78.83632494446348,85.92794751078871,95.28399689595452,28.978437408137577,38.3629048820013,44.57623891915758,52.426802946333744,58.250799811079126,64.03179319717295,69.7916927094755,77.39078639878055,17.55619017471467,23.241641510103445,27.00590500157491,31.76206190191816,35.29045078963988,38.792786607668845,42.2823429906101,46.88615002429955,13.09532545549498,17.33615645911018,20.14395559038485,23.691617236081587,26.323475307704392,28.935900152451325,31.538792697767366,34.97281516166679,7.933623916929745,10.50287340922249,12.20394013089514,14.35324244316899,15.947717678927996,17.530419559832286,19.10734642743085,21.18780199483597,4.806477599139636,6.363022282957336,7.393590303066563,8.695715728457426,9.661706753908554,10.62056505326018,11.575924639743723,12.836340205876056,2.911938749923945,3.854950068983917,4.479305616323955,5.26818050552256,5.853412963402613,6.434324156678114,7.013115702589141,7.776721243720767,226.49992259426955,137.22188189852136,102.35507733703611,13.788932426204013,83.13400135461302,8.353836218675731,50.3655982967777,37.56816797342235,22.76016101792345
Ubon Ratchathani,15.25,104.86666666666666,0.715,3.253,1.274,97.2432735413,134.99066447753526,159.98272178618427,191.5602524483218,214.9862685837308,238.23931069319735,261.40750635798565,291.9735412502327,59.24110127804704,82.2370055498815,97.46229511748976,116.69948884762296,130.97073809582446,145.1366106797472,159.25079437415377,177.87177969043765,44.33205599688795,61.5406441879353,72.93422693907443,87.33004894894106,98.00969208804088,108.61047841859416,119.17258426051686,133.10727733592452,36.089982914297,50.09920580794465,59.37453034624501,71.09392748879618,79.78804576853395,88.4179680436172,97.0164011819482,108.36040099650084,21.98620279932088,30.52069327918776,36.17126858737952,43.31078546866454,48.60728694148384,53.86467987882413,59.10288947245782,66.01371237504803,16.452995515456763,22.839634212171383,27.06814474916604,32.4108790222229,36.37442451369802,40.30870380742517,44.22862757687842,49.40022265685944,10.023249302117208,13.91402237134833,16.490052690514823,19.744873827705668,22.15948608138408,24.55626921720505,26.944306893968143,30.09486915647864,6.106214912537402,8.476493833128515,10.04582472333398,12.028678463324123,13.499672639662952,14.95980522590689,16.414610033612497,18.33394873210776,3.7199374608210407,5.163923543131624,6.119967974996055,7.32793264908142,8.224069850210252,9.11359011491336,9.999864669589623,11.169135654447429,315.0746261836524,191.9450791828931,143.63878819073216,19.784539443210583,116.93392726919214,12.052842959847215,71.23674857831602,53.308791681433846,32.475989464390835
Nakhon Sawan,15.671833333333332,100.13236111111112,0.75,1.372,1.443,58.29854315406767,108.45921390073528,141.66994255900636,183.6317862586668,214.7614790170179,245.66131501049557,276.44840269289847,317.06611889085065,34.664521156555224,64.49023442917822,84.2374518365986,109.18811337973273,127.69793943777266,146.07109184570305,164.37720370676615,188.52864225564915,25.57506587935263,47.58011762667114,62.149376606126864,80.55767394902598,94.2140005058464,107.76949089101642,121.27551956878315,139.0941598199846,20.61164759876891,38.34612281568609,50.08788853689104,64.92364065245097,75.9296490752929,86.854390859563,97.73927009616897,112.09980137611028,12.25575898819237,22.800741042591035,29.782436711767023,38.6038276978873,45.14803945999905,51.643929789709816,58.116117706768414,66.65494069343109,9.042151256291469,16.82211191173637,21.973122822354444,28.481438762985576,33.30967932019841,38.10226890702979,42.87737113950421,49.17721181607826,5.376495304456304,10.00248758740446,13.06529699958629,16.935164811228375,19.80605382301948,22.65574464099339,25.49503741585537,29.24094509383808,3.1968832349190786,5.947514703333892,7.768672075765858,10.069709243628248,11.776750063230802,13.471186361377052,15.159439946097896,17.386769977498076,1.9008781443993417,3.5364134008939816,4.619280053311859,5.98748493926569,7.002497483401408,8.010015334238604,9.013856921678045,10.338235282078209,347.7640263884448,206.78172726156632,152.56106592318562,19.070133240398206,122.95315065600336,11.339169066765724,73.10838078606035,53.93848212966624,32.072013360523115
Chaiyaphum,15.8,102.03333333333332,0.778,3.178,0.949,122.87605228574384,160.36185464650737,185.18071755662112,216.53941663707988,239.8030910042805,262.8949900516723,285.9026306383509,316.2568435919959,71.65820307278605,93.51897405253185,107.9927066095706,126.28030606451024,139.84709203308452,153.31370298365673,166.73117653295276,184.43298510740715,52.27173481749481,68.21827512354425,78.77627236040485,92.11632985788629,102.0127465703554,111.83608969526853,121.62358909121568,134.53633604712343,41.78924999705901,54.53789822471727,62.97861264791176,73.64347769751814,81.55528382976895,89.40867042746214,97.23340133664958,107.55664797411508,24.370432699001245,31.80512161199328,36.72753258602194,42.94701190076567,47.560976948885305,52.14087320334762,56.704058185695175,62.724314290584566,17.777236112603365,23.20053826986996,26.791236195071907,31.328092542320224,34.69379175204676,38.03463916712532,41.36329639117218,45.75482753699983,10.367234068257858,13.52996659490802,15.623970725988045,18.269750496704987,20.232541072786027,22.180838711354184,24.122027339108627,26.68305713127988,6.04590846098104,7.890334005614993,9.11150420492481,10.6544559890122,11.799105764731632,12.935303626183796,14.06735569249476,15.560883434548977,3.525820761631999,4.60144304743478,5.313598593619511,6.213409014111671,6.880939786381106,7.543541616210973,8.203725723265737,9.074713293619,339.19783852317437,197.81159259755736,144.295484239022,16.689656314029147,115.35871318150704,9.732985061927007,67.27428120942965,49.07384272314211,28.618622766617577
Roi Et,16.02,103.74388888888888,0.697,2.623,1.707,78.2247727279336,124.81235255312802,155.65738411648417,194.6301632653781,223.5423971874057,252.24114771253085,280.83518131772325,318.5595790883592,48.25323148558503,76.99094711279234,96.01781540914868,120.05831394084493,137.8929290832523,155.5958562269628,173.2341883632126,196.50461836640204,36.37397764020494,58.03687965676475,72.3796057430278,90.5016781748509,103.94566674182144,117.2903870075277,130.58641463059206,148.12799836611512,29.7651788251218,47.49214173173784,59.22893364985575,74.0584013520299,85.05974763802043,95.9798617099258,106.86013011991211,121.21457828965454,18.360757263607283,29.29569788202688,36.53558005199899,45.68319036631431,52.46941026160609,59.20552177442972,65.91705434785567,74.77164716069068,13.840602040574089,22.083517039338155,27.54104400822011,34.436643801025966,39.55219364366393,44.62997106925603,49.689220537972574,56.36393953753628,8.5376249859681,13.622296653020834,16.98879172849001,21.242367180750744,24.39791243994089,27.53015764826578,30.650973819971025,34.768298163083735,5.266464579166774,8.402962525051857,10.4795970809192,13.10343034730907,15.049939752769696,16.982076438325624,18.90716308167072,21.44694936293538,3.248637555432901,5.183397557398494,6.464377027722344,8.082897984287271,9.283609289096468,10.475454730107622,11.66295132730729,13.229627599797295,347.0707850734907,214.09185798828815,161.38551171940253,23.36645965607816,132.06333009899384,14.413684405383982,81.46373860602348,61.40853400519303,37.880074344848445
Phetchabun,16.433333333333334,101.15,0.748,1.615,1.462,65.36531652363776,115.72463386595862,149.06688385536282,191.1949051055661,222.44787786392783,253.47008357724727,284.37909447293964,325.1576651994663,38.920367446541576,68.905736439765,88.7586598263255,113.84288115432427,132.4517894904802,150.92329256853793,169.32739623465378,193.6081163631528,28.738273261567205,50.8790644336904,65.53819472344391,84.06004470514848,97.80061109621488,111.43971930191792,125.02906069283654,142.95761624922667,23.17429307675769,41.028434099915714,52.84942899731749,67.78528738703459,78.86556036269263,89.86401834197821,100.82234479558672,115.27977573185515,13.798632819824029,24.429495883301925,31.468052253241545,40.361286885511454,46.95879636845943,53.50759087700194,60.03248993443044,68.64085526176856,10.18872396713124,18.0384095628328,23.235584450868014,29.80222869934404,34.673740527364764,39.50928187673269,44.32717914797711,50.68347975208218,6.066655861273623,10.740581789774987,13.835127446157164,17.74509408647754,20.645730700058003,23.524949468199164,26.393662450698265,30.178384506208868,3.612259342568912,6.395247695259097,8.23782814054676,10.565933417753786,12.293054907154335,14.007423602584872,15.7155368546205,17.969067945994233,2.150841889890393,3.807912260642412,4.905037032530795,6.291257090233152,7.319634317902189,8.340418169547357,9.357477352386208,10.699293820095868,355.9771427384354,211.95890932371842,156.5075937357327,19.672233349208877,126.20635947603918,11.713406913105672,75.1468538077293,55.48742114112456,33.03878775975335
Khon Kaen,16.461111111111112,102.78972222222222,0.699,1.968,1.947,65.16309375143936,118.7880712269623,154.2924723790104,199.15237735496595,232.4320175220072,265.4659260499881,298.3792993946914,341.8022457747908,40.14040298076924,73.1733374499774,95.04401435906166,122.67767261173012,143.1778988971115,163.52675472953945,183.80136100517709,210.54985414698749,30.233883696225814,55.11439870663962,71.58746456857865,92.4012269543896,107.84206489404534,123.16889011011604,138.43979031552925,158.586843425241,24.72644956982199,45.07470538298416,58.54702129145737,75.56932815623034,88.19744780062629,100.73232339181465,113.22146132754304,129.69850733668676,15.231469116587164,27.76597509648576,36.06490871853156,46.55063335003294,54.3295428866021,62.05101417621523,69.74431111412308,79.89415558379415,11.472392691577474,20.91342386825648,27.16420799844665,35.06209031744941,40.921190594164834,46.73702819414492,52.53164477965032,60.17654105480314,7.066982846918309,12.882648957423234,16.733125960383035,21.598213861039383,25.207413987558837,28.789964346883256,32.359442581733,37.06869132307345,4.35325462623878,7.9356993482117,10.30758947295853,13.30447893333497,15.52774273461104,17.734590304966083,19.933385459236806,22.83427814759095,2.6816006563725003,4.888383154220778,6.349465186277332,8.195546207034164,9.565074567001068,10.924490544534,12.278946241515694,14.065893343178288,374.62027977633034,230.76573147907453,173.81350879699391,25.026704107079837,142.15146829976027,15.416425622309676,87.56516754139501,65.95437251976313,40.62782993983594
Kamphaeng Phet,16.486805555555556,99.52697222222224,0.78,2.367,1.146,98.01944525562077,143.70193430214596,173.94771701547583,212.1633436537836,240.5138785905507,268.65507762755215,296.69359415634506,333.6850926289026,57.08327000811381,83.68723466109643,101.30137414871758,123.55688608550544,140.06729620310543,156.4557960440501,172.7844970019681,194.32711734436032,41.60616256187196,60.99693814261492,73.83531882412258,90.05664684909488,102.09055463360689,114.0356059320107,125.93707174472196,141.63879597752884,33.243400901948824,48.73666648422306,58.99455641320938,71.9554275316226,81.57054212679125,91.11466022508183,100.62395343962524,113.16966016628665,19.35985277946777,28.38261617334305,34.356470636636494,41.90445158738893,47.50397504075691,53.06215249190717,58.60004908718481,65.90625208244768,14.110775044981702,20.687177561332337,25.04132825882081,30.542809207727213,34.624122051871005,38.67529912262078,42.711694128744426,48.03695088939838,8.217646812995563,12.047525257460189,14.583238036415128,17.787117854668946,20.163938927898634,22.52320992741521,24.87387234335809,27.975125046209023,4.785684622415698,7.016078650595456,8.492793570238495,10.358626785902834,11.742808452411143,13.116769538770123,14.485717271919002,16.291783863487282,2.787023806986588,4.085931224826405,4.945920957100062,6.03252026361641,6.838621701994464,7.638771013885959,8.436000715345138,9.48779392464423,361.64239069001854,210.6085193637059,153.50578711268625,17.656766200068123,122.65140804965023,10.282714310820177,71.42810719153756,52.061653771332814,30.31897835728173
Mukdahan,16.54138888888889,104.72888888888887,0.729,2.662,1.213,86.5681815796739,124.87976564719804,150.2453679008245,182.29487359118949,206.07102776446672,229.67162254749147,253.18610272451295,284.20899427649766,52.228484972198224,75.34270495717264,90.64632982186949,109.9825004075369,124.32717634130113,138.56593343966628,152.752735705165,171.46952743684446,38.86305169523816,56.06227021841256,67.44964943413812,81.83763326056443,92.51146158742608,103.106476041402,113.66283106735544,127.58993703308398,31.510591913965115,45.455908415943874,54.68892136228083,66.35485769622036,75.00931569414104,83.59987053270264,92.15907987967502,103.45133134953046,19.01103206989412,27.42454775274126,32.99502721894155,40.03334279154039,45.25476735237523,50.4376377338643,55.60159669193497,62.41445997996443,14.1460492776195,20.406519882792857,24.55149616493932,29.788684685550464,33.673930308480706,37.53048788760151,41.37297353592956,46.442403719405455,8.534622174454928,12.311701569616426,14.812456783735826,17.972167626149233,20.31622162991448,22.642967506864046,24.961223478948718,28.019722032618763,5.149124976960017,7.427919920197116,8.9366804571107,10.843003395147653,12.257222650717871,13.66099953329615,15.059654269832304,16.90491361146266,3.106580172665559,4.481427203939292,5.391695568029997,6.541822059133252,7.395051592076166,8.24198101207999,9.085820128894987,10.19910561133809,307.6553606484882,185.61523514799833,138.11571373016676,18.299516899899054,111.98574744943593,11.040500400545268,67.56346062762339,50.27375893591811,30.331262770766482
Phitsanulok,16.794805555555556,100.27930555555557,0.758,2.737,1.175,100.76255049793755,143.12616823795625,171.17456936185772,206.613798536777,232.9046432314052,259.0013604557043,285.0028551425034,319.3068900939683,59.58245794126341,84.63272175218283,101.21817609038708,122.1739416138952,137.72012559313094,153.15151899016163,168.52660582480766,188.8111134083381,43.81685886668079,62.23878894311736,74.43570959874522,89.84655118054083,101.27919382185551,112.6274196244983,123.93423765742956,138.85143705937193,35.23203091604045,50.044640189584086,59.85187641633112,72.24334538730517,81.4360449419767,90.56086704612233,99.65239420717133,111.64693795365658,20.83324598143474,29.59217144213303,35.391342236367244,42.7186099081859,48.15439564282843,53.55004438886624,58.92600531897531,66.01856495316432,15.320740876505276,21.762042796502165,26.026745143713683,31.415207864922174,35.412677331508235,39.38063011103918,43.33410449740291,48.54996324564621,9.05939155363138,12.868233219891598,15.390017821204747,18.57629935008529,20.940065006942334,23.286376989231435,25.624127673223903,28.708345797507462,5.356958647337208,7.609185762107653,9.100356084833278,10.98445374061299,12.382185012168792,13.76959565541848,15.151943870284205,16.975689852930493,3.167652681683456,4.499429484442431,5.381181609592124,6.495277757198327,7.321777923074604,8.14217534146248,8.959579267478656,10.037988535302766,345.23306690317554,204.14166361452772,150.12550291606038,18.35403385438884,120.7121299159761,10.853024707865366,71.37895347206587,52.491985701900475,31.039324777719894
Tak,16.878333333333334,99.14333333333336,0.783,2.738,1.216,113.51356028900224,162.65473452079598,195.19046777690176,236.29945299654815,266.7964466142416,297.0682552182008,327.2296070775353,367.0217836746499,65.9692062592578,94.52794629406765,113.4363171750767,137.3270939083511,155.0506368677186,172.64331196795365,190.17179435191483,213.2972984657541,48.02438398800489,68.81462803392053,82.57957861114164,99.97163015563709,112.87404752539464,125.68119547059722,138.4416122842556,155.27655926110134,38.33846954845392,54.93558276615487,65.92431587874567,79.80860929707089,90.10877130550902,100.33287853450196,110.5196797136324,123.95922955112424,22.280672008410864,31.926201426915483,38.312381187173365,46.38133624369353,52.36734804975843,58.30916008427666,64.22929144476942,72.0397806321742,16.219924548395706,23.241694777696548,27.890717653881445,33.76477038226178,38.12247825586301,42.44800949855864,46.757757604339965,52.4436518744025,9.42632356273988,13.507074861373424,16.208887298955506,19.62263447620638,22.15514714517112,24.66896013811888,27.173600649718438,30.47799821169349,5.4781744295015,7.849731831338825,9.419909187373609,11.403832439183027,12.875620040486066,14.336540193168826,15.792129693615603,17.712503645181645,3.183679711427304,4.561927023899571,5.474446670011933,6.627417661917588,7.482757408049974,8.33178145976032,9.17770756532259,10.293746433130352,397.09576790244216,230.77500653437426,168.00001329538225,19.163876776025862,134.11652287874443,11.137222165756837,77.94276329662048,56.74091604092598,32.97538359393466
Sakon Nakhon,17.15,104.13333333333334,0.698,3.213,1.861,94.2197100486923,145.24262580134038,179.0242356799841,221.7073893149621,253.37219098870537,284.80318473734053,316.1194920694746,357.4354131044971,58.07949431902795,89.531354487826,110.35522263622448,136.66623524473027,156.18524743414258,175.5601343014642,194.86432546114457,220.33254012449785,43.76340729837106,67.46265921158158,83.15362611807842,102.97920440038408,117.68695092129796,132.28609775058885,146.8319747454223,166.0224973996376,35.80171981648778,55.18946929112035,68.02584642707274,84.24464296692469,96.2766727511614,108.21985991614918,120.11946839735408,135.81874223391733,22.069116765680302,34.02023277833553,41.93291147963021,51.930601994820606,59.3474599445936,66.70955297949595,74.0447829735771,83.72222610232716,16.629272638404423,25.63454315365688,31.59681580919642,39.130163115149024,44.71883049484651,50.26623203187016,55.79339203252174,63.08543012989129,10.250718721514271,15.801803069594094,19.47710392380969,24.120856296144776,27.565857083796654,30.98542052639721,34.39250655640412,38.88750961926049,6.3188112067471245,9.740644830435098,12.006196432884504,14.868726888440197,16.99231550458083,19.100223875721383,21.200440843296025,23.97127833280072,3.8950805452024775,6.004388315359459,7.400933596128461,9.165472260549862,10.474507842418586,11.773877711031217,13.068506397257682,14.776523118466766,388.6610072745349,239.58081331775793,180.5262397173626,26.06541165455478,147.683881417654,16.067401686244636,91.0362083196379,68.5965797447795,42.28472642860744
Uttaradit,17.616666666666667,100.1,0.749,2.414,1.934,95.33894223079002,162.26129526682433,206.5697160827564,262.55352324303294,304.08550951169855,345.3108301130673,386.3857264444722,440.576252656632,56.7281815734956,96.54804222564866,122.91225481777548,156.22350731810033,180.9356973532432,205.46541645625987,229.9056307347012,262.1498526507051,41.8703421113825,71.26086974839396,90.71995639828792,115.30656396546756,133.54631398728674,151.65138455805376,169.69039276754563,193.4894387670952,33.75416707315004,57.44761523243861,73.13473954883786,92.95546270836866,107.65960742185564,122.25517903890024,136.79749386683633,155.98331691823185,20.08426434973984,34.18224150191607,43.51632908212522,55.309973483905935,64.05917262197082,72.74376904696939,81.39667683842664,92.8125456138726,14.823937521944996,25.22947336087034,32.118843501787424,40.82358093820234,47.28125243322072,53.69124149558603,60.07784158459426,68.5037476839693,8.820477757592188,15.011936490280306,19.11122090792037,24.290677636600897,28.133094518304887,31.9471395969018,35.74726786567922,40.76081552985924,5.248324054051368,8.932340123188178,11.37147931777204,14.453338156161395,16.739637095987202,19.009054363323607,21.27019090826168,24.253331223920934,3.122835988404939,5.314883934392904,6.76621041102227,8.599965261635374,9.960349364447902,11.310688604585904,12.656100683662736,14.431116448745149,481.53216836591304,286.51927157335956,211.47619383389025,26.50791799133424,170.4835073874991,15.772631306392865,101.4403887443286,74.87184786866334,44.54993606238038
Nong Khai,17.867166666666666,102.73302777777778,0.67,2.718,1.226,67.42439765922482,97.00491571309011,116.58979255055294,141.3353363531892,159.6929943538223,177.91510228939578,196.0707208140096,220.02361198184,42.37668481336193,60.96823822285847,73.27746428438523,88.83020404425,100.36811486009672,111.82083155359484,123.23175920767277,138.286311485887,32.29578421611023,46.46463201059521,55.84564212267082,67.69857326785403,76.49175469897476,85.22000865868121,93.91641468583568,105.38967112363171,26.634029789145995,38.31894543358302,46.05537632825892,55.83037727256262,63.08203137734231,70.28014040651058,77.45198474494904,86.91387152552575,16.739665831184656,24.083713453793,28.946112006628734,35.08976546810537,39.647478566662464,44.17153822712788,48.6790903538308,54.62594946952888,12.757501864876138,18.35448941444985,22.06018218222376,26.742334817907174,30.215823114554837,33.663663718856434,37.09892373195128,41.63109701568194,8.018175234818235,11.535919338241394,13.8649720237217,16.807736266025042,18.99084688859061,21.15783776500388,23.316921655714005,26.165422872363983,5.039476754713112,7.250402447787215,8.714227635594579,10.563774640914527,11.935874266227328,13.297842523286452,14.65484118695508,16.445143250290442,3.1673448406331204,4.556926423767166,5.476950343285058,6.639403004532042,7.501776794629332,8.357782952028085,9.21066568674794,10.335882505771227,238.12663958158146,149.66418539199344,114.06088648953641,17.79821112996093,94.0649413623251,11.186294716462076,59.12044468302708,45.056406197246545,28.318252598913546
Lampang,18.28333333333333,99.51666666666668,0.755,2.506,1.271,93.24808060179558,138.44969132853907,168.37709075157025,206.1904392585679,234.2425412970877,262.0875110175172,289.8308791207548,326.432985289982,55.25381311268296,82.03786416627257,99.77123652093032,122.1773995012991,138.79957116908184,155.29900733046597,171.738239820825,193.42668553201872,40.68303589198166,60.40396461998895,73.46093541255884,89.95845262232942,102.19725332164008,114.34568463772192,126.44978836858988,142.4188548565506,32.74044724339888,48.611239883468535,59.11908557442864,72.39577646071561,82.24518420113526,92.02186546086948,101.76287325294572,114.61428336559304,19.400233672773133,28.80441448620284,35.03080046946607,42.89785566514841,48.7340866207621,54.52722376311764,60.299222721155225,67.91427933160716,14.284270321989665,21.20850964620069,25.792958576772055,31.585421953687487,35.882602185518856,40.14805271305039,44.39793932810507,50.00485772793902,8.464092748382669,12.567025732078625,15.28352437526412,18.71582761222729,21.262106226315503,23.789583518808797,26.307838471220137,29.630197702671417,5.015367564343684,7.44654567366161,9.056197125817484,11.089996002719706,12.598784191899254,14.096431725925656,15.588614595670917,17.557266549502888,2.971837922059295,4.412423723171344,5.3662168730141175,6.571337046297083,7.465364034236444,8.352789667233031,9.236977233162015,10.403494832655165,354.0959898745851,209.8182989098872,154.48789693368894,19.045127050550427,124.32707462468366,11.285121194635643,73.6695586850136,54.242433803014826,32.141158089115095
Lamphun,18.56722222222222,99.03388888888888,0.795,2.542,1.006,109.62380352297416,152.5672790738823,180.9995965236855,216.92390499412411,243.5746092206888,270.0285288306281,296.38592253156395,331.15949865238093,63.18093080254678,87.9311097783581,104.31788184447772,125.02261179051042,140.38256323777836,155.62909921462423,170.8200031427598,190.86151635467817,45.771323330728826,63.701550537030165,75.57292110815006,90.57242929515331,101.69992132648088,112.74524970334092,123.75027553231628,138.2693174268813,36.41389815706974,50.67849485019274,60.122899064553295,72.05592882602804,80.90853198640764,89.69576891465161,98.45094269139916,110.00173201568283,20.986901619689306,29.208204545066863,34.651422440838395,41.52894268183661,46.63108008013564,51.69554409677245,56.74152873492662,63.39874730935255,15.20392700049102,21.159836633626,25.103167051558447,30.08557548818237,33.7818106903066,37.4507534718995,41.10630889758082,45.929120147476176,8.762679535596304,12.195327394037566,14.468038960871263,17.3396160504072,19.46991597643017,21.58448610219436,23.69134051676904,26.470934857240216,5.050310531027836,7.028693690924637,8.338555487575166,9.993569340019413,11.221353159676069,12.440071216334635,13.65434237552121,15.25634259847147,2.910711998105154,4.050939626680073,4.80586953127632,5.759725467014057,6.4673502898834485,7.169750122137239,7.869587015390235,8.792888907671985,357.4405435519759,206.00841717236372,149.24246527352267,16.467096408842806,118.73154490011419,9.490698600946857,68.43011537034897,49.574086617430204,28.57168639946805
Chiang Rai,19.961388888888887,99.88138888888888,0.7,3.603,1.224,98.90487354670026,132.77094811496008,155.19323626352858,183.52385677957844,204.5411294864306,225.4032139507145,246.18917617314105,273.6123063880345,60.88309125980271,81.73010551312042,95.53264290738043,112.97218549484523,125.90983443323908,138.75195380270551,151.54721443577498,168.42813121602308,45.83875502359884,61.534429463872,71.92633166902947,85.05652765364461,94.79725710737242,104.46606254382444,114.09958813337694,126.8091958890272,37.477938835837406,50.31078140228438,58.80723980374813,69.54253751767217,77.50659462383284,85.41184638244641,93.2882532052942,103.67967639836569,23.07037751071185,30.96991872721986,36.20010237430965,42.80845327735567,47.71090548426047,52.57715875361155,57.42565588220197,63.82232718762833,17.369640094370123,23.317188537289088,27.254983119767363,32.230397013619736,35.92144326434749,39.58523540894653,43.23565899144317,48.05169974871521,10.69226768199782,14.353413201296789,16.777410101855793,19.840136611603302,22.11224209709389,24.367570712333936,26.61467001230057,29.579290848679022,6.581862811340008,8.835562237603856,10.327707358648162,12.213036674687674,13.61168166218371,14.999999274638563,16.383251149331162,18.20818933952779,4.051611814791958,5.438926543793648,6.357449608630433,7.518005936009152,8.37897291731346,9.233582653574532,10.085074062462873,11.208455291243052,294.3380584349632,181.18632813849723,136.41481628659471,19.58743438320426,111.53326783109486,12.057480206321028,68.65677979617735,51.69154924076603,31.819881032456365
